Frequenza,Territorio,Dominio,Indicatore,Sesso,Edizione,TIME_PERIOD,Osservazione,'Stato dell"'osservazione',Territorio (NOTE_REF_AREA),Codifica territoriale ufficiale Istat,Indicatore (NOTE_DATA_TYPE),Descrizione indicatore,Fonte,Tempo (NOTE_TIME_PERIOD),Anno base,Unità di misura,Unità di moltiplicazione
Annuale,Piemonte,Paesaggio e patrimonio culturale,Densità e rilevanza del patrimonio museale,Totale,2025,2015,1.19,,,,,'Numero di strutture espositive permanenti per 100 km2 (musei, aree archeologiche e monumenti aperti al pubblico), ponderato per il numero dei visitatori.',Istat: Indagine sui musei e le istituzioni similari,,,Per 100 km2,
Annuale,Piemonte,Paesaggio e patrimonio culturale,Densità e rilevanza del patrimonio museale,Totale,2025,2018,1.17,,,,,'Numero di strutture espositive permanenti per 100 km2 (musei, aree archeologiche e monumenti aperti al pubblico), ponderato per il numero dei visitatori.',Istat: Indagine sui musei e le istituzioni similari,,,Per 100 km2,
Annuale,Piemonte,Paesaggio e patrimonio culturale,Densità e rilevanza del patrimonio museale,Totale,2025,2019,1.08,,,,,'Numero di strutture espositive permanenti per 100 km2 (musei, aree archeologiche e monumenti aperti al pubblico), ponderato per il numero dei visitatori.',Istat: Indagine sui musei e le istituzioni similari,,,Per 100 km2,
Annuale,Piemonte,Paesaggio e patrimonio culturale,Densità e rilevanza del patrimonio museale,Totale,2025,2020,1.05,,,,,'Numero di strutture espositive permanenti per 100 km2 (musei, aree archeologiche e monumenti aperti al pubblico), ponderato per il numero dei visitatori.',Istat: Indagine sui musei e le istituzioni similari,,,Per 100 km2,
Annuale,Piemonte,Paesaggio e patrimonio culturale,Densità e rilevanza del patrimonio museale,Totale,2025,2021,1.18,,,,,'Numero di strutture espositive permanenti per 100 km2 (musei, aree archeologiche e monumenti aperti al pubblico), ponderato per il numero dei visitatori.',Istat: Indagine sui musei e le istituzioni similari,,,Per 100 km2,
Annuale,Piemonte,Paesaggio e patrimonio culturale,Densità e rilevanza del patrimonio museale,Totale,2025,2022,1.11,,,,,'Numero di strutture espositive permanenti per 100 km2 (musei, aree archeologiche e monumenti aperti al pubblico), ponderato per il numero dei visitatori.',Istat: Indagine sui musei e le istituzioni similari,,,Per 100 km2,
Annuale,'Valle d"'Aosta / Vallée d"'Aoste',Paesaggio e patrimonio culturale,Densità e rilevanza del patrimonio museale,Totale,2025,2015,1.19,,,,,'Numero di strutture espositive permanenti per 100 km2 (musei, aree archeologiche e monumenti aperti al pubblico), ponderato per il numero dei visitatori.',Istat: Indagine sui musei e le istituzioni similari,,,Per 100 km2,
Annuale,'Valle d"'Aosta / Vallée d"'Aoste',Paesaggio e patrimonio culturale,Densità e rilevanza del patrimonio museale,Totale,2025,2018,0.97,,,,,'Numero di strutture espositive permanenti per 100 km2 (musei, aree archeologiche e monumenti aperti al pubblico), ponderato per il numero dei visitatori.',Istat: Indagine sui musei e le istituzioni similari,,,Per 100 km2,
Annuale,'Valle d"'Aosta / Vallée d"'Aoste',Paesaggio e patrimonio culturale,Densità e rilevanza del patrimonio museale,Totale,2025,2019,1.05,,,,,'Numero di strutture espositive permanenti per 100 km2 (musei, aree archeologiche e monumenti aperti al pubblico), ponderato per il numero dei visitatori.',Istat: Indagine sui musei e le istituzioni similari,,,Per 100 km2,
Annuale,'Valle d"'Aosta / Vallée d"'Aoste',Paesaggio e patrimonio culturale,Densità e rilevanza del patrimonio museale,Totale,2025,2020,1.37,,,,,'Numero di strutture espositive permanenti per 100 km2 (musei, aree archeologiche e monumenti aperti al pubblico), ponderato per il numero dei visitatori.',Istat: Indagine sui musei e le istituzioni similari,,,Per 100 km2,
Annuale,'Valle d"'Aosta / Vallée d"'Aoste',Paesaggio e patrimonio culturale,Densità e rilevanza del patrimonio museale,Totale,2025,2021,1.38,,,,,'Numero di strutture espositive permanenti per 100 km2 (musei, aree archeologiche e monumenti aperti al pubblico), ponderato per il numero dei visitatori.',Istat: Indagine sui musei e le istituzioni similari,,,Per 100 km2,
Annuale,'Valle d"'Aosta / Vallée d"'Aoste',Paesaggio e patrimonio culturale,Densità e rilevanza del patrimonio museale,Totale,2025,2022,1.45,,,,,'Numero di strutture espositive permanenti per 100 km2 (musei, aree archeologiche e monumenti aperti al pubblico), ponderato per il numero dei visitatori.',Istat: Indagine sui musei e le istituzioni similari,,,Per 100 km2,
Annuale,Liguria,Paesaggio e patrimonio culturale,Densità e rilevanza del patrimonio museale,Totale,2025,2015,1.36,,,,,'Numero di strutture espositive permanenti per 100 km2 (musei, aree archeologiche e monumenti aperti al pubblico), ponderato per il numero dei visitatori.',Istat: Indagine sui musei e le istituzioni similari,,,Per 100 km2,
Annuale,Liguria,Paesaggio e patrimonio culturale,Densità e rilevanza del patrimonio museale,Totale,2025,2018,1.14,,,,,'Numero di strutture espositive permanenti per 100 km2 (musei, aree archeologiche e monumenti aperti al pubblico), ponderato per il numero dei visitatori.',Istat: Indagine sui musei e le istituzioni similari,,,Per 100 km2,
Annuale,Liguria,Paesaggio e patrimonio culturale,Densità e rilevanza del patrimonio museale,Totale,2025,2019,1.09,,,,,'Numero di strutture espositive permanenti per 100 km2 (musei, aree archeologiche e monumenti aperti al pubblico), ponderato per il numero dei visitatori.',Istat: Indagine sui musei e le istituzioni similari,,,Per 100 km2,
Annuale,Liguria,Paesaggio e patrimonio culturale,Densità e rilevanza del patrimonio museale,Totale,2025,2020,0.68,,,,,'Numero di strutture espositive permanenti per 100 km2 (musei, aree archeologiche e monumenti aperti al pubblico), ponderato per il numero dei visitatori.',Istat: Indagine sui musei e le istituzioni similari,,,Per 100 km2,
Annuale,Liguria,Paesaggio e patrimonio culturale,Densità e rilevanza del patrimonio museale,Totale,2025,2021,0.79,,,,,'Numero di strutture espositive permanenti per 100 km2 (musei, aree archeologiche e monumenti aperti al pubblico), ponderato per il numero dei visitatori.',Istat: Indagine sui musei e le istituzioni similari,,,Per 100 km2,
Annuale,Liguria,Paesaggio e patrimonio culturale,Densità e rilevanza del patrimonio museale,Totale,2025,2022,0.91,,,,,'Numero di strutture espositive permanenti per 100 km2 (musei, aree archeologiche e monumenti aperti al pubblico), ponderato per il numero dei visitatori.',Istat: Indagine sui musei e le istituzioni similari,,,Per 100 km2,
Annuale,Lombardia,Paesaggio e patrimonio culturale,Densità e rilevanza del patrimonio museale,Totale,2025,2015,1.67,,,,,'Numero di strutture espositive permanenti per 100 km2 (musei, aree archeologiche e monumenti aperti al pubblico), ponderato per il numero dei visitatori.',Istat: Indagine sui musei e le istituzioni similari,,,Per 100 km2,
Annuale,Lombardia,Paesaggio e patrimonio culturale,Densità e rilevanza del patrimonio museale,Totale,2025,2018,1.53,,,,,'Numero di strutture espositive permanenti per 100 km2 (musei, aree archeologiche e monumenti aperti al pubblico), ponderato per il numero dei visitatori.',Istat: Indagine sui musei e le istituzioni similari,,,Per 100 km2,
Annuale,Lombardia,Paesaggio e patrimonio culturale,Densità e rilevanza del patrimonio museale,Totale,2025,2019,1.61,,,,,'Numero di strutture espositive permanenti per 100 km2 (musei, aree archeologiche e monumenti aperti al pubblico), ponderato per il numero dei visitatori.',Istat: Indagine sui musei e le istituzioni similari,,,Per 100 km2,
Annuale,Lombardia,Paesaggio e patrimonio culturale,Densità e rilevanza del patrimonio museale,Totale,2025,2020,1.25,,,,,'Numero di strutture espositive permanenti per 100 km2 (musei, aree archeologiche e monumenti aperti al pubblico), ponderato per il numero dei visitatori.',Istat: Indagine sui musei e le istituzioni similari,,,Per 100 km2,
Annuale,Lombardia,Paesaggio e patrimonio culturale,Densità e rilevanza del patrimonio museale,Totale,2025,2021,1.57,,,,,'Numero di strutture espositive permanenti per 100 km2 (musei, aree archeologiche e monumenti aperti al pubblico), ponderato per il numero dei visitatori.',Istat: Indagine sui musei e le istituzioni similari,,,Per 100 km2,
Annuale,Lombardia,Paesaggio e patrimonio culturale,Densità e rilevanza del patrimonio museale,Totale,2025,2022,1.55,,,,,'Numero di strutture espositive permanenti per 100 km2 (musei, aree archeologiche e monumenti aperti al pubblico), ponderato per il numero dei visitatori.',Istat: Indagine sui musei e le istituzioni similari,,,Per 100 km2,
Annuale,Trentino Alto Adige / Südtirol,Paesaggio e patrimonio culturale,Densità e rilevanza del patrimonio museale,Totale,2025,2015,1.14,,,,,'Numero di strutture espositive permanenti per 100 km2 (musei, aree archeologiche e monumenti aperti al pubblico), ponderato per il numero dei visitatori.',Istat: Indagine sui musei e le istituzioni similari,,,Per 100 km2,
Annuale,Trentino Alto Adige / Südtirol,Paesaggio e patrimonio culturale,Densità e rilevanza del patrimonio museale,Totale,2025,2018,1.13,,,,,'Numero di strutture espositive permanenti per 100 km2 (musei, aree archeologiche e monumenti aperti al pubblico), ponderato per il numero dei visitatori.',Istat: Indagine sui musei e le istituzioni similari,,,Per 100 km2,
Annuale,Trentino Alto Adige / Südtirol,Paesaggio e patrimonio culturale,Densità e rilevanza del patrimonio museale,Totale,2025,2019,1.01,,,,,'Numero di strutture espositive permanenti per 100 km2 (musei, aree archeologiche e monumenti aperti al pubblico), ponderato per il numero dei visitatori.',Istat: Indagine sui musei e le istituzioni similari,,,Per 100 km2,
Annuale,Trentino Alto Adige / Südtirol,Paesaggio e patrimonio culturale,Densità e rilevanza del patrimonio museale,Totale,2025,2020,1.16,,,,,'Numero di strutture espositive permanenti per 100 km2 (musei, aree archeologiche e monumenti aperti al pubblico), ponderato per il numero dei visitatori.',Istat: Indagine sui musei e le istituzioni similari,,,Per 100 km2,
Annuale,Trentino Alto Adige / Südtirol,Paesaggio e patrimonio culturale,Densità e rilevanza del patrimonio museale,Totale,2025,2021,1.19,,,,,'Numero di strutture espositive permanenti per 100 km2 (musei, aree archeologiche e monumenti aperti al pubblico), ponderato per il numero dei visitatori.',Istat: Indagine sui musei e le istituzioni similari,,,Per 100 km2,
Annuale,Trentino Alto Adige / Südtirol,Paesaggio e patrimonio culturale,Densità e rilevanza del patrimonio museale,Totale,2025,2022,0.89,,,,,'Numero di strutture espositive permanenti per 100 km2 (musei, aree archeologiche e monumenti aperti al pubblico), ponderato per il numero dei visitatori.',Istat: Indagine sui musei e le istituzioni similari,,,Per 100 km2,
Annuale,Veneto,Paesaggio e patrimonio culturale,Densità e rilevanza del patrimonio museale,Totale,2025,2015,2.16,,,,,'Numero di strutture espositive permanenti per 100 km2 (musei, aree archeologiche e monumenti aperti al pubblico), ponderato per il numero dei visitatori.',Istat: Indagine sui musei e le istituzioni similari,,,Per 100 km2,
Annuale,Veneto,Paesaggio e patrimonio culturale,Densità e rilevanza del patrimonio museale,Totale,2025,2018,2.4,,,,,'Numero di strutture espositive permanenti per 100 km2 (musei, aree archeologiche e monumenti aperti al pubblico), ponderato per il numero dei visitatori.',Istat: Indagine sui musei e le istituzioni similari,,,Per 100 km2,
Annuale,Veneto,Paesaggio e patrimonio culturale,Densità e rilevanza del patrimonio museale,Totale,2025,2019,2,,,,,'Numero di strutture espositive permanenti per 100 km2 (musei, aree archeologiche e monumenti aperti al pubblico), ponderato per il numero dei visitatori.',Istat: Indagine sui musei e le istituzioni similari,,,Per 100 km2,
Annuale,Veneto,Paesaggio e patrimonio culturale,Densità e rilevanza del patrimonio museale,Totale,2025,2020,1.49,,,,,'Numero di strutture espositive permanenti per 100 km2 (musei, aree archeologiche e monumenti aperti al pubblico), ponderato per il numero dei visitatori.',Istat: Indagine sui musei e le istituzioni similari,,,Per 100 km2,
Annuale,Veneto,Paesaggio e patrimonio culturale,Densità e rilevanza del patrimonio museale,Totale,2025,2021,1.82,,,,,'Numero di strutture espositive permanenti per 100 km2 (musei, aree archeologiche e monumenti aperti al pubblico), ponderato per il numero dei visitatori.',Istat: Indagine sui musei e le istituzioni similari,,,Per 100 km2,
Annuale,Veneto,Paesaggio e patrimonio culturale,Densità e rilevanza del patrimonio museale,Totale,2025,2022,1.93,,,,,'Numero di strutture espositive permanenti per 100 km2 (musei, aree archeologiche e monumenti aperti al pubblico), ponderato per il numero dei visitatori.',Istat: Indagine sui musei e le istituzioni similari,,,Per 100 km2,
Annuale,Friuli-Venezia Giulia,Paesaggio e patrimonio culturale,Densità e rilevanza del patrimonio museale,Totale,2025,2015,1.44,,,,,'Numero di strutture espositive permanenti per 100 km2 (musei, aree archeologiche e monumenti aperti al pubblico), ponderato per il numero dei visitatori.',Istat: Indagine sui musei e le istituzioni similari,,,Per 100 km2,
Annuale,Friuli-Venezia Giulia,Paesaggio e patrimonio culturale,Densità e rilevanza del patrimonio museale,Totale,2025,2018,1.37,,,,,'Numero di strutture espositive permanenti per 100 km2 (musei, aree archeologiche e monumenti aperti al pubblico), ponderato per il numero dei visitatori.',Istat: Indagine sui musei e le istituzioni similari,,,Per 100 km2,
Annuale,Friuli-Venezia Giulia,Paesaggio e patrimonio culturale,Densità e rilevanza del patrimonio museale,Totale,2025,2019,1.41,,,,,'Numero di strutture espositive permanenti per 100 km2 (musei, aree archeologiche e monumenti aperti al pubblico), ponderato per il numero dei visitatori.',Istat: Indagine sui musei e le istituzioni similari,,,Per 100 km2,
Annuale,Friuli-Venezia Giulia,Paesaggio e patrimonio culturale,Densità e rilevanza del patrimonio museale,Totale,2025,2020,1.36,,,,,'Numero di strutture espositive permanenti per 100 km2 (musei, aree archeologiche e monumenti aperti al pubblico), ponderato per il numero dei visitatori.',Istat: Indagine sui musei e le istituzioni similari,,,Per 100 km2,
Annuale,Friuli-Venezia Giulia,Paesaggio e patrimonio culturale,Densità e rilevanza del patrimonio museale,Totale,2025,2021,1.51,,,,,'Numero di strutture espositive permanenti per 100 km2 (musei, aree archeologiche e monumenti aperti al pubblico), ponderato per il numero dei visitatori.',Istat: Indagine sui musei e le istituzioni similari,,,Per 100 km2,
Annuale,Friuli-Venezia Giulia,Paesaggio e patrimonio culturale,Densità e rilevanza del patrimonio museale,Totale,2025,2022,1.19,,,,,'Numero di strutture espositive permanenti per 100 km2 (musei, aree archeologiche e monumenti aperti al pubblico), ponderato per il numero dei visitatori.',Istat: Indagine sui musei e le istituzioni similari,,,Per 100 km2,
Annuale,Emilia-Romagna,Paesaggio e patrimonio culturale,Densità e rilevanza del patrimonio museale,Totale,2025,2015,1.12,,,,,'Numero di strutture espositive permanenti per 100 km2 (musei, aree archeologiche e monumenti aperti al pubblico), ponderato per il numero dei visitatori.',Istat: Indagine sui musei e le istituzioni similari,,,Per 100 km2,
Annuale,Emilia-Romagna,Paesaggio e patrimonio culturale,Densità e rilevanza del patrimonio museale,Totale,2025,2018,1.09,,,,,'Numero di strutture espositive permanenti per 100 km2 (musei, aree archeologiche e monumenti aperti al pubblico), ponderato per il numero dei visitatori.',Istat: Indagine sui musei e le istituzioni similari,,,Per 100 km2,
Annuale,Emilia-Romagna,Paesaggio e patrimonio culturale,Densità e rilevanza del patrimonio museale,Totale,2025,2019,1.15,,,,,'Numero di strutture espositive permanenti per 100 km2 (musei, aree archeologiche e monumenti aperti al pubblico), ponderato per il numero dei visitatori.',Istat: Indagine sui musei e le istituzioni similari,,,Per 100 km2,
Annuale,Emilia-Romagna,Paesaggio e patrimonio culturale,Densità e rilevanza del patrimonio museale,Totale,2025,2020,0.97,,,,,'Numero di strutture espositive permanenti per 100 km2 (musei, aree archeologiche e monumenti aperti al pubblico), ponderato per il numero dei visitatori.',Istat: Indagine sui musei e le istituzioni similari,,,Per 100 km2,
Annuale,Emilia-Romagna,Paesaggio e patrimonio culturale,Densità e rilevanza del patrimonio museale,Totale,2025,2021,1.21,,,,,'Numero di strutture espositive permanenti per 100 km2 (musei, aree archeologiche e monumenti aperti al pubblico), ponderato per il numero dei visitatori.',Istat: Indagine sui musei e le istituzioni similari,,,Per 100 km2,
Annuale,Emilia-Romagna,Paesaggio e patrimonio culturale,Densità e rilevanza del patrimonio museale,Totale,2025,2022,1.16,,,,,'Numero di strutture espositive permanenti per 100 km2 (musei, aree archeologiche e monumenti aperti al pubblico), ponderato per il numero dei visitatori.',Istat: Indagine sui musei e le istituzioni similari,,,Per 100 km2,
Annuale,Toscana,Paesaggio e patrimonio culturale,Densità e rilevanza del patrimonio museale,Totale,2025,2015,4.46,,,,,'Numero di strutture espositive permanenti per 100 km2 (musei, aree archeologiche e monumenti aperti al pubblico), ponderato per il numero dei visitatori.',Istat: Indagine sui musei e le istituzioni similari,,,Per 100 km2,
Annuale,Toscana,Paesaggio e patrimonio culturale,Densità e rilevanza del patrimonio museale,Totale,2025,2018,3.92,,,,,'Numero di strutture espositive permanenti per 100 km2 (musei, aree archeologiche e monumenti aperti al pubblico), ponderato per il numero dei visitatori.',Istat: Indagine sui musei e le istituzioni similari,,,Per 100 km2,
Annuale,Toscana,Paesaggio e patrimonio culturale,Densità e rilevanza del patrimonio museale,Totale,2025,2019,3.94,,,,,'Numero di strutture espositive permanenti per 100 km2 (musei, aree archeologiche e monumenti aperti al pubblico), ponderato per il numero dei visitatori.',Istat: Indagine sui musei e le istituzioni similari,,,Per 100 km2,
Annuale,Toscana,Paesaggio e patrimonio culturale,Densità e rilevanza del patrimonio museale,Totale,2025,2020,3.35,,,,,'Numero di strutture espositive permanenti per 100 km2 (musei, aree archeologiche e monumenti aperti al pubblico), ponderato per il numero dei visitatori.',Istat: Indagine sui musei e le istituzioni similari,,,Per 100 km2,
Annuale,Toscana,Paesaggio e patrimonio culturale,Densità e rilevanza del patrimonio museale,Totale,2025,2021,3.28,,,,,'Numero di strutture espositive permanenti per 100 km2 (musei, aree archeologiche e monumenti aperti al pubblico), ponderato per il numero dei visitatori.',Istat: Indagine sui musei e le istituzioni similari,,,Per 100 km2,
Annuale,Toscana,Paesaggio e patrimonio culturale,Densità e rilevanza del patrimonio museale,Totale,2025,2022,3.28,,,,,'Numero di strutture espositive permanenti per 100 km2 (musei, aree archeologiche e monumenti aperti al pubblico), ponderato per il numero dei visitatori.',Istat: Indagine sui musei e le istituzioni similari,,,Per 100 km2,
Annuale,Umbria,Paesaggio e patrimonio culturale,Densità e rilevanza del patrimonio museale,Totale,2025,2015,0.89,,,,,'Numero di strutture espositive permanenti per 100 km2 (musei, aree archeologiche e monumenti aperti al pubblico), ponderato per il numero dei visitatori.',Istat: Indagine sui musei e le istituzioni similari,,,Per 100 km2,
Annuale,Umbria,Paesaggio e patrimonio culturale,Densità e rilevanza del patrimonio museale,Totale,2025,2018,0.81,,,,,'Numero di strutture espositive permanenti per 100 km2 (musei, aree archeologiche e monumenti aperti al pubblico), ponderato per il numero dei visitatori.',Istat: Indagine sui musei e le istituzioni similari,,,Per 100 km2,
Annuale,Umbria,Paesaggio e patrimonio culturale,Densità e rilevanza del patrimonio museale,Totale,2025,2019,0.65,,,,,'Numero di strutture espositive permanenti per 100 km2 (musei, aree archeologiche e monumenti aperti al pubblico), ponderato per il numero dei visitatori.',Istat: Indagine sui musei e le istituzioni similari,,,Per 100 km2,
Annuale,Umbria,Paesaggio e patrimonio culturale,Densità e rilevanza del patrimonio museale,Totale,2025,2020,0.87,,,,,'Numero di strutture espositive permanenti per 100 km2 (musei, aree archeologiche e monumenti aperti al pubblico), ponderato per il numero dei visitatori.',Istat: Indagine sui musei e le istituzioni similari,,,Per 100 km2,
Annuale,Umbria,Paesaggio e patrimonio culturale,Densità e rilevanza del patrimonio museale,Totale,2025,2021,1.4,,,,,'Numero di strutture espositive permanenti per 100 km2 (musei, aree archeologiche e monumenti aperti al pubblico), ponderato per il numero dei visitatori.',Istat: Indagine sui musei e le istituzioni similari,,,Per 100 km2,
Annuale,Umbria,Paesaggio e patrimonio culturale,Densità e rilevanza del patrimonio museale,Totale,2025,2022,0.92,,,,,'Numero di strutture espositive permanenti per 100 km2 (musei, aree archeologiche e monumenti aperti al pubblico), ponderato per il numero dei visitatori.',Istat: Indagine sui musei e le istituzioni similari,,,Per 100 km2,
Annuale,Marche,Paesaggio e patrimonio culturale,Densità e rilevanza del patrimonio museale,Totale,2025,2015,0.89,,,,,'Numero di strutture espositive permanenti per 100 km2 (musei, aree archeologiche e monumenti aperti al pubblico), ponderato per il numero dei visitatori.',Istat: Indagine sui musei e le istituzioni similari,,,Per 100 km2,
Annuale,Marche,Paesaggio e patrimonio culturale,Densità e rilevanza del patrimonio museale,Totale,2025,2018,0.65,,,,,'Numero di strutture espositive permanenti per 100 km2 (musei, aree archeologiche e monumenti aperti al pubblico), ponderato per il numero dei visitatori.',Istat: Indagine sui musei e le istituzioni similari,,,Per 100 km2,
Annuale,Marche,Paesaggio e patrimonio culturale,Densità e rilevanza del patrimonio museale,Totale,2025,2019,0.81,,,,,'Numero di strutture espositive permanenti per 100 km2 (musei, aree archeologiche e monumenti aperti al pubblico), ponderato per il numero dei visitatori.',Istat: Indagine sui musei e le istituzioni similari,,,Per 100 km2,
Annuale,Marche,Paesaggio e patrimonio culturale,Densità e rilevanza del patrimonio museale,Totale,2025,2020,0.94,,,,,'Numero di strutture espositive permanenti per 100 km2 (musei, aree archeologiche e monumenti aperti al pubblico), ponderato per il numero dei visitatori.',Istat: Indagine sui musei e le istituzioni similari,,,Per 100 km2,
Annuale,Marche,Paesaggio e patrimonio culturale,Densità e rilevanza del patrimonio museale,Totale,2025,2021,0.83,,,,,'Numero di strutture espositive permanenti per 100 km2 (musei, aree archeologiche e monumenti aperti al pubblico), ponderato per il numero dei visitatori.',Istat: Indagine sui musei e le istituzioni similari,,,Per 100 km2,
Annuale,Marche,Paesaggio e patrimonio culturale,Densità e rilevanza del patrimonio museale,Totale,2025,2022,0.6,,,,,'Numero di strutture espositive permanenti per 100 km2 (musei, aree archeologiche e monumenti aperti al pubblico), ponderato per il numero dei visitatori.',Istat: Indagine sui musei e le istituzioni similari,,,Per 100 km2,
Annuale,Lazio,Paesaggio e patrimonio culturale,Densità e rilevanza del patrimonio museale,Totale,2025,2015,6.43,,,,,'Numero di strutture espositive permanenti per 100 km2 (musei, aree archeologiche e monumenti aperti al pubblico), ponderato per il numero dei visitatori.',Istat: Indagine sui musei e le istituzioni similari,,,Per 100 km2,
Annuale,Lazio,Paesaggio e patrimonio culturale,Densità e rilevanza del patrimonio museale,Totale,2025,2018,6.25,,,,,'Numero di strutture espositive permanenti per 100 km2 (musei, aree archeologiche e monumenti aperti al pubblico), ponderato per il numero dei visitatori.',Istat: Indagine sui musei e le istituzioni similari,,,Per 100 km2,
Annuale,Lazio,Paesaggio e patrimonio culturale,Densità e rilevanza del patrimonio museale,Totale,2025,2019,7.2,,,,,'Numero di strutture espositive permanenti per 100 km2 (musei, aree archeologiche e monumenti aperti al pubblico), ponderato per il numero dei visitatori.',Istat: Indagine sui musei e le istituzioni similari,,,Per 100 km2,
Annuale,Lazio,Paesaggio e patrimonio culturale,Densità e rilevanza del patrimonio museale,Totale,2025,2020,4.31,,,,,'Numero di strutture espositive permanenti per 100 km2 (musei, aree archeologiche e monumenti aperti al pubblico), ponderato per il numero dei visitatori.',Istat: Indagine sui musei e le istituzioni similari,,,Per 100 km2,
Annuale,Lazio,Paesaggio e patrimonio culturale,Densità e rilevanza del patrimonio museale,Totale,2025,2021,4.09,,,,,'Numero di strutture espositive permanenti per 100 km2 (musei, aree archeologiche e monumenti aperti al pubblico), ponderato per il numero dei visitatori.',Istat: Indagine sui musei e le istituzioni similari,,,Per 100 km2,
Annuale,Lazio,Paesaggio e patrimonio culturale,Densità e rilevanza del patrimonio museale,Totale,2025,2022,6.13,,,,,'Numero di strutture espositive permanenti per 100 km2 (musei, aree archeologiche e monumenti aperti al pubblico), ponderato per il numero dei visitatori.',Istat: Indagine sui musei e le istituzioni similari,,,Per 100 km2,
Annuale,Abruzzo,Paesaggio e patrimonio culturale,Densità e rilevanza del patrimonio museale,Totale,2025,2015,0.22,,,,,'Numero di strutture espositive permanenti per 100 km2 (musei, aree archeologiche e monumenti aperti al pubblico), ponderato per il numero dei visitatori.',Istat: Indagine sui musei e le istituzioni similari,,,Per 100 km2,
Annuale,Abruzzo,Paesaggio e patrimonio culturale,Densità e rilevanza del patrimonio museale,Totale,2025,2018,0.11,,,,,'Numero di strutture espositive permanenti per 100 km2 (musei, aree archeologiche e monumenti aperti al pubblico), ponderato per il numero dei visitatori.',Istat: Indagine sui musei e le istituzioni similari,,,Per 100 km2,
Annuale,Abruzzo,Paesaggio e patrimonio culturale,Densità e rilevanza del patrimonio museale,Totale,2025,2019,0.14,,,,,'Numero di strutture espositive permanenti per 100 km2 (musei, aree archeologiche e monumenti aperti al pubblico), ponderato per il numero dei visitatori.',Istat: Indagine sui musei e le istituzioni similari,,,Per 100 km2,
Annuale,Abruzzo,Paesaggio e patrimonio culturale,Densità e rilevanza del patrimonio museale,Totale,2025,2020,0.16,,,,,'Numero di strutture espositive permanenti per 100 km2 (musei, aree archeologiche e monumenti aperti al pubblico), ponderato per il numero dei visitatori.',Istat: Indagine sui musei e le istituzioni similari,,,Per 100 km2,
Annuale,Abruzzo,Paesaggio e patrimonio culturale,Densità e rilevanza del patrimonio museale,Totale,2025,2021,0.16,,,,,'Numero di strutture espositive permanenti per 100 km2 (musei, aree archeologiche e monumenti aperti al pubblico), ponderato per il numero dei visitatori.',Istat: Indagine sui musei e le istituzioni similari,,,Per 100 km2,
Annuale,Abruzzo,Paesaggio e patrimonio culturale,Densità e rilevanza del patrimonio museale,Totale,2025,2022,0.17,,,,,'Numero di strutture espositive permanenti per 100 km2 (musei, aree archeologiche e monumenti aperti al pubblico), ponderato per il numero dei visitatori.',Istat: Indagine sui musei e le istituzioni similari,,,Per 100 km2,
Annuale,Molise,Paesaggio e patrimonio culturale,Densità e rilevanza del patrimonio museale,Totale,2025,2015,0.2,,,,,'Numero di strutture espositive permanenti per 100 km2 (musei, aree archeologiche e monumenti aperti al pubblico), ponderato per il numero dei visitatori.',Istat: Indagine sui musei e le istituzioni similari,,,Per 100 km2,
Annuale,Molise,Paesaggio e patrimonio culturale,Densità e rilevanza del patrimonio museale,Totale,2025,2018,0.1,,,,,'Numero di strutture espositive permanenti per 100 km2 (musei, aree archeologiche e monumenti aperti al pubblico), ponderato per il numero dei visitatori.',Istat: Indagine sui musei e le istituzioni similari,,,Per 100 km2,
Annuale,Molise,Paesaggio e patrimonio culturale,Densità e rilevanza del patrimonio museale,Totale,2025,2019,0.14,,,,,'Numero di strutture espositive permanenti per 100 km2 (musei, aree archeologiche e monumenti aperti al pubblico), ponderato per il numero dei visitatori.',Istat: Indagine sui musei e le istituzioni similari,,,Per 100 km2,
Annuale,Molise,Paesaggio e patrimonio culturale,Densità e rilevanza del patrimonio museale,Totale,2025,2020,0.25,,,,,'Numero di strutture espositive permanenti per 100 km2 (musei, aree archeologiche e monumenti aperti al pubblico), ponderato per il numero dei visitatori.',Istat: Indagine sui musei e le istituzioni similari,,,Per 100 km2,
Annuale,Molise,Paesaggio e patrimonio culturale,Densità e rilevanza del patrimonio museale,Totale,2025,2021,0.19,,,,,'Numero di strutture espositive permanenti per 100 km2 (musei, aree archeologiche e monumenti aperti al pubblico), ponderato per il numero dei visitatori.',Istat: Indagine sui musei e le istituzioni similari,,,Per 100 km2,
Annuale,Molise,Paesaggio e patrimonio culturale,Densità e rilevanza del patrimonio museale,Totale,2025,2022,0.12,,,,,'Numero di strutture espositive permanenti per 100 km2 (musei, aree archeologiche e monumenti aperti al pubblico), ponderato per il numero dei visitatori.',Istat: Indagine sui musei e le istituzioni similari,,,Per 100 km2,
Annuale,Campania,Paesaggio e patrimonio culturale,Densità e rilevanza del patrimonio museale,Totale,2025,2015,3.36,,,,,'Numero di strutture espositive permanenti per 100 km2 (musei, aree archeologiche e monumenti aperti al pubblico), ponderato per il numero dei visitatori.',Istat: Indagine sui musei e le istituzioni similari,,,Per 100 km2,
Annuale,Campania,Paesaggio e patrimonio culturale,Densità e rilevanza del patrimonio museale,Totale,2025,2018,4.24,,,,,'Numero di strutture espositive permanenti per 100 km2 (musei, aree archeologiche e monumenti aperti al pubblico), ponderato per il numero dei visitatori.',Istat: Indagine sui musei e le istituzioni similari,,,Per 100 km2,
Annuale,Campania,Paesaggio e patrimonio culturale,Densità e rilevanza del patrimonio museale,Totale,2025,2019,3.61,,,,,'Numero di strutture espositive permanenti per 100 km2 (musei, aree archeologiche e monumenti aperti al pubblico), ponderato per il numero dei visitatori.',Istat: Indagine sui musei e le istituzioni similari,,,Per 100 km2,
Annuale,Campania,Paesaggio e patrimonio culturale,Densità e rilevanza del patrimonio museale,Totale,2025,2020,3.11,,,,,'Numero di strutture espositive permanenti per 100 km2 (musei, aree archeologiche e monumenti aperti al pubblico), ponderato per il numero dei visitatori.',Istat: Indagine sui musei e le istituzioni similari,,,Per 100 km2,
Annuale,Campania,Paesaggio e patrimonio culturale,Densità e rilevanza del patrimonio museale,Totale,2025,2021,3.58,,,,,'Numero di strutture espositive permanenti per 100 km2 (musei, aree archeologiche e monumenti aperti al pubblico), ponderato per il numero dei visitatori.',Istat: Indagine sui musei e le istituzioni similari,,,Per 100 km2,
Annuale,Campania,Paesaggio e patrimonio culturale,Densità e rilevanza del patrimonio museale,Totale,2025,2022,3.46,,,,,'Numero di strutture espositive permanenti per 100 km2 (musei, aree archeologiche e monumenti aperti al pubblico), ponderato per il numero dei visitatori.',Istat: Indagine sui musei e le istituzioni similari,,,Per 100 km2,
Annuale,Puglia,Paesaggio e patrimonio culturale,Densità e rilevanza del patrimonio museale,Totale,2025,2015,0.28,,,,,'Numero di strutture espositive permanenti per 100 km2 (musei, aree archeologiche e monumenti aperti al pubblico), ponderato per il numero dei visitatori.',Istat: Indagine sui musei e le istituzioni similari,,,Per 100 km2,
Annuale,Puglia,Paesaggio e patrimonio culturale,Densità e rilevanza del patrimonio museale,Totale,2025,2018,0.31,,,,,'Numero di strutture espositive permanenti per 100 km2 (musei, aree archeologiche e monumenti aperti al pubblico), ponderato per il numero dei visitatori.',Istat: Indagine sui musei e le istituzioni similari,,,Per 100 km2,
Annuale,Puglia,Paesaggio e patrimonio culturale,Densità e rilevanza del patrimonio museale,Totale,2025,2019,0.29,,,,,'Numero di strutture espositive permanenti per 100 km2 (musei, aree archeologiche e monumenti aperti al pubblico), ponderato per il numero dei visitatori.',Istat: Indagine sui musei e le istituzioni similari,,,Per 100 km2,
Annuale,Puglia,Paesaggio e patrimonio culturale,Densità e rilevanza del patrimonio museale,Totale,2025,2020,0.2,,,,,'Numero di strutture espositive permanenti per 100 km2 (musei, aree archeologiche e monumenti aperti al pubblico), ponderato per il numero dei visitatori.',Istat: Indagine sui musei e le istituzioni similari,,,Per 100 km2,
Annuale,Puglia,Paesaggio e patrimonio culturale,Densità e rilevanza del patrimonio museale,Totale,2025,2021,0.27,,,,,'Numero di strutture espositive permanenti per 100 km2 (musei, aree archeologiche e monumenti aperti al pubblico), ponderato per il numero dei visitatori.',Istat: Indagine sui musei e le istituzioni similari,,,Per 100 km2,
Annuale,Puglia,Paesaggio e patrimonio culturale,Densità e rilevanza del patrimonio museale,Totale,2025,2022,0.23,,,,,'Numero di strutture espositive permanenti per 100 km2 (musei, aree archeologiche e monumenti aperti al pubblico), ponderato per il numero dei visitatori.',Istat: Indagine sui musei e le istituzioni similari,,,Per 100 km2,
Annuale,Basilicata,Paesaggio e patrimonio culturale,Densità e rilevanza del patrimonio museale,Totale,2025,2015,0.18,,,,,'Numero di strutture espositive permanenti per 100 km2 (musei, aree archeologiche e monumenti aperti al pubblico), ponderato per il numero dei visitatori.',Istat: Indagine sui musei e le istituzioni similari,,,Per 100 km2,
Annuale,Basilicata,Paesaggio e patrimonio culturale,Densità e rilevanza del patrimonio museale,Totale,2025,2018,0.18,,,,,'Numero di strutture espositive permanenti per 100 km2 (musei, aree archeologiche e monumenti aperti al pubblico), ponderato per il numero dei visitatori.',Istat: Indagine sui musei e le istituzioni similari,,,Per 100 km2,
Annuale,Basilicata,Paesaggio e patrimonio culturale,Densità e rilevanza del patrimonio museale,Totale,2025,2019,0.23,,,,,'Numero di strutture espositive permanenti per 100 km2 (musei, aree archeologiche e monumenti aperti al pubblico), ponderato per il numero dei visitatori.',Istat: Indagine sui musei e le istituzioni similari,,,Per 100 km2,
Annuale,Basilicata,Paesaggio e patrimonio culturale,Densità e rilevanza del patrimonio museale,Totale,2025,2020,0.18,,,,,'Numero di strutture espositive permanenti per 100 km2 (musei, aree archeologiche e monumenti aperti al pubblico), ponderato per il numero dei visitatori.',Istat: Indagine sui musei e le istituzioni similari,,,Per 100 km2,
Annuale,Basilicata,Paesaggio e patrimonio culturale,Densità e rilevanza del patrimonio museale,Totale,2025,2021,0.18,,,,,'Numero di strutture espositive permanenti per 100 km2 (musei, aree archeologiche e monumenti aperti al pubblico), ponderato per il numero dei visitatori.',Istat: Indagine sui musei e le istituzioni similari,,,Per 100 km2,
Annuale,Basilicata,Paesaggio e patrimonio culturale,Densità e rilevanza del patrimonio museale,Totale,2025,2022,0.13,,,,,'Numero di strutture espositive permanenti per 100 km2 (musei, aree archeologiche e monumenti aperti al pubblico), ponderato per il numero dei visitatori.',Istat: Indagine sui musei e le istituzioni similari,,,Per 100 km2,
Annuale,Calabria,Paesaggio e patrimonio culturale,Densità e rilevanza del patrimonio museale,Totale,2025,2015,0.52,,,,,'Numero di strutture espositive permanenti per 100 km2 (musei, aree archeologiche e monumenti aperti al pubblico), ponderato per il numero dei visitatori.',Istat: Indagine sui musei e le istituzioni similari,,,Per 100 km2,
Annuale,Calabria,Paesaggio e patrimonio culturale,Densità e rilevanza del patrimonio museale,Totale,2025,2018,0.31,,,,,'Numero di strutture espositive permanenti per 100 km2 (musei, aree archeologiche e monumenti aperti al pubblico), ponderato per il numero dei visitatori.',Istat: Indagine sui musei e le istituzioni similari,,,Per 100 km2,
Annuale,Calabria,Paesaggio e patrimonio culturale,Densità e rilevanza del patrimonio museale,Totale,2025,2019,0.28,,,,,'Numero di strutture espositive permanenti per 100 km2 (musei, aree archeologiche e monumenti aperti al pubblico), ponderato per il numero dei visitatori.',Istat: Indagine sui musei e le istituzioni similari,,,Per 100 km2,
Annuale,Calabria,Paesaggio e patrimonio culturale,Densità e rilevanza del patrimonio museale,Totale,2025,2020,0.25,,,,,'Numero di strutture espositive permanenti per 100 km2 (musei, aree archeologiche e monumenti aperti al pubblico), ponderato per il numero dei visitatori.',Istat: Indagine sui musei e le istituzioni similari,,,Per 100 km2,
Annuale,Calabria,Paesaggio e patrimonio culturale,Densità e rilevanza del patrimonio museale,Totale,2025,2021,0.3,,,,,'Numero di strutture espositive permanenti per 100 km2 (musei, aree archeologiche e monumenti aperti al pubblico), ponderato per il numero dei visitatori.',Istat: Indagine sui musei e le istituzioni similari,,,Per 100 km2,
Annuale,Calabria,Paesaggio e patrimonio culturale,Densità e rilevanza del patrimonio museale,Totale,2025,2022,0.24,,,,,'Numero di strutture espositive permanenti per 100 km2 (musei, aree archeologiche e monumenti aperti al pubblico), ponderato per il numero dei visitatori.',Istat: Indagine sui musei e le istituzioni similari,,,Per 100 km2,
Annuale,Sicilia,Paesaggio e patrimonio culturale,Densità e rilevanza del patrimonio museale,Totale,2025,2015,0.91,,,,,'Numero di strutture espositive permanenti per 100 km2 (musei, aree archeologiche e monumenti aperti al pubblico), ponderato per il numero dei visitatori.',Istat: Indagine sui musei e le istituzioni similari,,,Per 100 km2,
Annuale,Sicilia,Paesaggio e patrimonio culturale,Densità e rilevanza del patrimonio museale,Totale,2025,2018,1.13,,,,,'Numero di strutture espositive permanenti per 100 km2 (musei, aree archeologiche e monumenti aperti al pubblico), ponderato per il numero dei visitatori.',Istat: Indagine sui musei e le istituzioni similari,,,Per 100 km2,
Annuale,Sicilia,Paesaggio e patrimonio culturale,Densità e rilevanza del patrimonio museale,Totale,2025,2019,0.97,,,,,'Numero di strutture espositive permanenti per 100 km2 (musei, aree archeologiche e monumenti aperti al pubblico), ponderato per il numero dei visitatori.',Istat: Indagine sui musei e le istituzioni similari,,,Per 100 km2,
Annuale,Sicilia,Paesaggio e patrimonio culturale,Densità e rilevanza del patrimonio museale,Totale,2025,2020,0.86,,,,,'Numero di strutture espositive permanenti per 100 km2 (musei, aree archeologiche e monumenti aperti al pubblico), ponderato per il numero dei visitatori.',Istat: Indagine sui musei e le istituzioni similari,,,Per 100 km2,
Annuale,Sicilia,Paesaggio e patrimonio culturale,Densità e rilevanza del patrimonio museale,Totale,2025,2021,1,,,,,'Numero di strutture espositive permanenti per 100 km2 (musei, aree archeologiche e monumenti aperti al pubblico), ponderato per il numero dei visitatori.',Istat: Indagine sui musei e le istituzioni similari,,,Per 100 km2,
Annuale,Sicilia,Paesaggio e patrimonio culturale,Densità e rilevanza del patrimonio museale,Totale,2025,2022,0.88,,,,,'Numero di strutture espositive permanenti per 100 km2 (musei, aree archeologiche e monumenti aperti al pubblico), ponderato per il numero dei visitatori.',Istat: Indagine sui musei e le istituzioni similari,,,Per 100 km2,
Annuale,Sardegna,Paesaggio e patrimonio culturale,Densità e rilevanza del patrimonio museale,Totale,2025,2015,0.31,,,,,'Numero di strutture espositive permanenti per 100 km2 (musei, aree archeologiche e monumenti aperti al pubblico), ponderato per il numero dei visitatori.',Istat: Indagine sui musei e le istituzioni similari,,,Per 100 km2,
Annuale,Sardegna,Paesaggio e patrimonio culturale,Densità e rilevanza del patrimonio museale,Totale,2025,2018,0.35,,,,,'Numero di strutture espositive permanenti per 100 km2 (musei, aree archeologiche e monumenti aperti al pubblico), ponderato per il numero dei visitatori.',Istat: Indagine sui musei e le istituzioni similari,,,Per 100 km2,
Annuale,Sardegna,Paesaggio e patrimonio culturale,Densità e rilevanza del patrimonio museale,Totale,2025,2019,0.37,,,,,'Numero di strutture espositive permanenti per 100 km2 (musei, aree archeologiche e monumenti aperti al pubblico), ponderato per il numero dei visitatori.',Istat: Indagine sui musei e le istituzioni similari,,,Per 100 km2,
Annuale,Sardegna,Paesaggio e patrimonio culturale,Densità e rilevanza del patrimonio museale,Totale,2025,2020,0.31,,,,,'Numero di strutture espositive permanenti per 100 km2 (musei, aree archeologiche e monumenti aperti al pubblico), ponderato per il numero dei visitatori.',Istat: Indagine sui musei e le istituzioni similari,,,Per 100 km2,
Annuale,Sardegna,Paesaggio e patrimonio culturale,Densità e rilevanza del patrimonio museale,Totale,2025,2021,0.39,,,,,'Numero di strutture espositive permanenti per 100 km2 (musei, aree archeologiche e monumenti aperti al pubblico), ponderato per il numero dei visitatori.',Istat: Indagine sui musei e le istituzioni similari,,,Per 100 km2,
Annuale,Sardegna,Paesaggio e patrimonio culturale,Densità e rilevanza del patrimonio museale,Totale,2025,2022,0.32,,,,,'Numero di strutture espositive permanenti per 100 km2 (musei, aree archeologiche e monumenti aperti al pubblico), ponderato per il numero dei visitatori.',Istat: Indagine sui musei e le istituzioni similari,,,Per 100 km2,
